continent,code,name,region,surface_area,independence_year,population,life_expectancy,gnp,gnp_old,local_name,government_form,head_of_state,capital,code2
North America,ABW,Aruba,Caribbean,193.0,,103000,78.4,828.0,793.0,Aruba,Nonmetropolitan Territory of The Netherlands,Willem-Alexander,129.0,AW
Asia,AFG,Afghanistan,Southern and Central Asia,652090.0,1919.0,22720000,45.9,5976.0,,Afganistan/Afqanestan,Islamic Emirate,Mohammad Omar,1.0,AF
North America,AIA,Anguilla,Caribbean,96.0,,8000,76.1,63.2,,Anguilla,Dependent Territory of the uK,Elisabeth II,62.0,AI
Europe,AND,Andorra,Southern Europe,468.0,1278.0,78000,83.5,1630.0,,Andorra,Parliamentary Coprincipality,,55.0,AD
North America,ANT,Netherlands Antilles,Caribbean,800.0,,217000,74.7,1941.0,,Nederlandse Antillen,Nonmetropolitan Territory of The Netherlands,Willem-Alexander,33.0,AN
Asia,ARE,united Arab Emirates,Middle East,83600.0,1971.0,2441000,74.1,37966.0,36846.0,Al-Imarat al- Arabiya al-Muttahida,Emirate Federation,Zayid bin Sultan al-Nahayan,65.0,AE
South America,ARG,Argentina,South America,2780400.0,1816.0,37032000,75.1,340238.0,323310.0,Argentina,Federal Republic,Fernando de la Rua,69.0,AR
Oceania,ASM,American Samoa,Polynesia,199.0,,68000,75.1,334.0,,Amerika Samoa,uS Territory,George W. Bush,54.0,AS
Antarctica,ATA,Antarctica,Antarctica,13120000.0,,0,,0.0,,,Co-administrated,,,AQ
Antarctica,ATF,French Southern territories,Antarctica,7780.0,,0,,0.0,,Terres australes francaises,Nonmetropolitan Territory of France,Jacques Chirac,,TF
North America,ATG,Antigua and Barbuda,Caribbean,442.0,1981.0,68000,70.5,612.0,584.0,Antigua and Barbuda,Constitutional Monarchy,Elisabeth II,63.0,AG
Oceania,AuS,Australia,Australia and New Zealand,7741220.0,1901.0,18886000,79.8,351182.0,392911.0,Australia,"Constitutional Monarchy, Federation",Elisabeth II,135.0,Au
Europe,AuT,Austria,Western Europe,83859.0,1918.0,8091800,77.7,211860.0,206025.0,osterreich,Federal Republic,Thomas Klestil,1523.0,AT
Asia,AZE,Azerbaijan,Middle East,86600.0,1991.0,7734000,62.9,4127.0,4100.0,Azarbaycan,Federal Republic,Heydar aliyev,144.0,AZ
Europe,BEL,Belgium,Western Europe,30518.0,1830.0,10239000,77.8,249704.0,243948.0,Belgie/Belgique,"Constitutional Monarchy, Federation",Albert II,179.0,BE
Asia,BHR,Bahrain,Middle East,694.0,1971.0,617000,73.0,6366.0,6097.0,Al-Bahrayn,Monarchy (Emirate),Hamad ibn Isa al-Khalifa,149.0,BH
North America,BHS,Bahamas,Caribbean,13878.0,1973.0,307000,71.1,3527.0,3347.0,The Bahamas,Constitutional Monarchy,Elisabeth II,148.0,BS
Europe,BIH,Bosnia and Herzegovina,Southern Europe,51197.0,1992.0,3972000,71.5,2841.0,,Bosna i Hercegovina,Federal Republic,Ante Jelavic,201.0,BA
North America,BLZ,Belize,Central America,22696.0,1981.0,241000,70.9,630.0,616.0,Belize,Constitutional Monarchy,Elisabeth II,185.0,BZ
North America,BMu,Bermuda,North America,53.0,,65000,76.9,2328.0,2190.0,Bermuda,Dependent Territory of the uK,Elisabeth II,191.0,BM
South America,BRA,Brazil,South America,8547403.0,1822.0,170115000,62.9,776739.0,804108.0,Brasil,Federal Republic,Fernando Henrique Cardoso,211.0,BR
North America,BRB,Barbados,Caribbean,430.0,1966.0,270000,73.0,2223.0,2186.0,Barbados,Constitutional Monarchy,Elisabeth II,174.0,BB
Asia,BRN,Brunei,Southeast Asia,5765.0,1984.0,328000,73.6,11705.0,12460.0,Brunei Darussalam,Monarchy (Sultanate),Haji Hassan al-Bolkiah,538.0,BN
Asia,BTN,Bhutan,Southern and Central Asia,47000.0,1910.0,2124000,52.4,372.0,383.0,Druk-Yul,Monarchy,Jigme Singye Wangchuk,192.0,BT
Antarctica,BVT,Bouvet Island,Antarctica,59.0,,0,,0.0,,Bouvetoya,Dependent Territory of Norway,Harald V,,BV
North America,CAN,Canada,North America,9970610.0,1867.0,31147000,79.4,598862.0,625626.0,Canada,"Constitutional Monarchy, Federation",Elisabeth II,1822.0,CA
Oceania,CCK,Cocos (Keeling) Islands,Australia and New Zealand,14.0,,600,,0.0,,Cocos (Keeling) Islands,Territory of Australia,Elisabeth II,2317.0,CC
Europe,CHE,Switzerland,Western Europe,41284.0,1499.0,7160400,79.6,264478.0,256092.0,Schweiz/Suisse/Svizzera/Svizra,Federation,Adolf Ogi,3248.0,CH
Asia,CHN,China,Eastern Asia,9572900.0,-1523.0,1277558000,71.4,982268.0,917719.0,Zhongquo,People'sRepublic,Jiang Zemin,1891.0,CN
Oceania,COK,Cook Islands,Polynesia,236.0,,20000,71.1,100.0,,The Cook Islands,Nonmetropolitan Territory of New Zealand,Elisabeth II,583.0,CK
North America,CuB,Cuba,Caribbean,110861.0,1902.0,11201000,76.2,17843.0,18862.0,Cuba,Socialistic Republic,Fidel Castro Ruz,2413.0,Cu
Oceania,CXR,Christmas Island,Australia and New Zealand,135.0,,2500,,0.0,,Christmas Island,Territory of Australia,Elisabeth II,1791.0,CX
North America,CYM,Cayman Islands,Caribbean,264.0,,38000,78.9,1263.0,1186.0,Cayman Islands,Dependent Territory of the uK,Elisabeth II,553.0,KY
Europe,DEu,Germany,Western Europe,357022.0,1955.0,82164700,77.4,2133367.0,2102826.0,Deutschland,Federal Republic,Johannes Rau,3068.0,DE
Europe,DNK,Denmark,Nordic Countries,43094.0,800.0,5330000,76.5,174099.0,169264.0,Danmark,Constitutional Monarchy,Margrethe II,3315.0,DK
Africa,ESH,Western Sahara,Northern Africa,266000.0,,293000,49.8,60.0,,As-Sahrawiya,Occupied by Marocco,Mohammed Abdel Aziz,2453.0,EH
Europe,ESP,Spain,Southern Europe,505992.0,1492.0,39441700,78.8,553233.0,532031.0,Espana,Constitutional Monarchy,Juan Carlos I,653.0,ES
South America,FLK,Falkland Islands,South America,12173.0,,2000,,0.0,,Falkland Islands,Dependent Territory of the uK,Elisabeth II,763.0,FK
Europe,FRO,Faroe Islands,Nordic Countries,1399.0,,43000,78.4,0.0,,Foroyar,Part of Denmark,Margrethe II,901.0,FO
Oceania,FSM,"Micronesia, Federated States of",Micronesia,702.0,1990.0,119000,68.6,212.0,,Micronesia,Federal Republic,Leo A. Falcam,2689.0,FM
Europe,GBR,united Kingdom,British Islands,242900.0,1066.0,59623400,77.7,1378330.0,1296830.0,united Kingdom,Constitutional Monarchy,Elisabeth II,456.0,GB
Europe,GIB,Gibraltar,Southern Europe,6.0,,25000,79.0,258.0,,Gibraltar,Dependent Territory of the uK,Elisabeth II,915.0,GI
North America,GLP,Guadeloupe,Caribbean,1705.0,,456000,77.0,3501.0,,Guadeloupe,Overseas Department of France,Jacques Chirac,919.0,GP
North America,GRD,Grenada,Caribbean,344.0,1974.0,94000,64.5,318.0,,Grenada,Constitutional Monarchy,Elisabeth II,916.0,GD
North America,GRL,Greenland,North America,2166090.0,,56000,68.1,0.0,,Kalaallit Nunaat/Gronland,Part of Denmark,Margrethe II,917.0,GL
South America,GuF,French Guiana,South America,90000.0,,181000,76.1,681.0,,Guyane francaise,Overseas Department of France,Jacques Chirac,3014.0,GF
Oceania,GuM,Guam,Micronesia,549.0,,168000,77.8,1197.0,1136.0,Guam,uS Territory,George W. Bush,921.0,Gu
Asia,HKG,Hong Kong,Eastern Asia,1075.0,,6782000,79.5,166448.0,173610.0,Xianggang/Hong Kong,Special Administrative Region of China,Jiang Zemin,937.0,HK
Antarctica,HMD,Heard Island and McDonald Islands,Antarctica,359.0,,0,,0.0,,Heard and McDonald Islands,Territory of Australia,Elisabeth II,,HM
Asia,IND,India,Southern and Central Asia,3287263.0,1947.0,1013662000,62.5,447114.0,430572.0,Bharat/India,Federal Republic,Kocheril Raman Narayanan,1109.0,IN
Africa,IOT,British Indian Ocean Territory,Eastern Africa,78.0,,0,,0.0,,British Indian Ocean Territory,Dependent Territory of the uK,Elisabeth II,,IO
Asia,IRN,Iran,Southern and Central Asia,1648195.0,1906.0,67702000,69.7,195746.0,160151.0,Iran,Islamic Republic,Ali Mohammad Khatami-Ardakani,1380.0,IR
North America,JAM,Jamaica,Caribbean,10990.0,1962.0,2583000,75.2,6871.0,6722.0,Jamaica,Constitutional Monarchy,Elisabeth II,1530.0,JM
Asia,JOR,Jordan,Middle East,88946.0,1946.0,5083000,77.4,7526.0,7051.0,Al-urdunn,Constitutional Monarchy,Abdullah II,1786.0,JO
Asia,JPN,Japan,Eastern Asia,377829.0,-660.0,126714000,80.7,3787042.0,4192638.0,Nihon/Nippon,Constitutional Monarchy,Akihito,1532.0,JP
Asia,KHM,Cambodia,Southeast Asia,181035.0,1953.0,11168000,56.5,5121.0,5670.0,Kampuchea,Constitutional Monarchy,Norodom Sihanouk,1800.0,KH
North America,KNA,Saint Kitts and Nevis,Caribbean,261.0,1983.0,38000,70.7,299.0,,Saint Kitts and Nevis,Constitutional Monarchy,Elisabeth II,3064.0,KN
Asia,KWT,Kuwait,Middle East,17818.0,1961.0,1972000,76.1,27037.0,30373.0,Al-Kuwayt,Constitutional Monarchy (Emirate),Jabir al-Ahmad al-Jabir al-Sabah,2429.0,KW
Africa,LBY,Libyan Arab Jamahiriya,Northern Africa,1759540.0,1951.0,5605000,75.5,44806.0,40562.0,Libiya,Socialistic State,Muammar al-Qadhafi,2441.0,LY
North America,LCA,Saint Lucia,Caribbean,622.0,1979.0,154000,72.3,571.0,,Saint Lucia,Constitutional Monarchy,Elisabeth II,3065.0,LC
Europe,LIE,Liechtenstein,Western Europe,160.0,1806.0,32300,78.8,1119.0,1084.0,Liechtenstein,Constitutional Monarchy,Hans-Adam II,2446.0,LI
Africa,LSO,Lesotho,Southern Africa,30355.0,1966.0,2153000,50.8,1061.0,1161.0,Lesotho,Constitutional Monarchy,Letsie III,2437.0,LS
Europe,LuX,Luxembourg,Western Europe,2586.0,1867.0,435700,77.1,16321.0,15519.0,Luxembourg/Letzebuerg,Constitutional Monarchy,Henri,2452.0,Lu
Asia,MAC,Macao,Eastern Asia,18.0,,473000,81.6,5749.0,5940.0,Macau/Aomen,Special Administrative Region of China,Jiang Zemin,2454.0,MO
Africa,MAR,Morocco,Northern Africa,446550.0,1956.0,28351000,69.1,36124.0,33514.0,Al-Maghrib,Constitutional Monarchy,Mohammed VI,2486.0,MA
Europe,MCO,Monaco,Western Europe,1.5,1861.0,34000,78.8,776.0,,Monaco,Constitutional Monarchy,Rainier III,2695.0,MC
Africa,MDG,Madagascar,Eastern Africa,587041.0,1960.0,15942000,55.0,3750.0,3545.0,Madagasikara/Madagascar,Federal Republic,Didier Ratsiraka,2455.0,MG
North America,MEX,Mexico,Central America,1958201.0,1810.0,98881000,71.5,414972.0,401461.0,Mexico,Federal Republic,Vicente Fox Quesada,2515.0,MX
Oceania,MNP,Northern Mariana Islands,Micronesia,464.0,,78000,75.5,0.0,,Northern Mariana Islands,Commonwealth of the uS,George W. Bush,2913.0,MP
North America,MSR,Montserrat,Caribbean,102.0,,11000,78.0,109.0,,Montserrat,Dependent Territory of the uK,Elisabeth II,2697.0,MS
North America,MTQ,Martinique,Caribbean,1102.0,,395000,78.3,2731.0,2559.0,Martinique,Overseas Department of France,Jacques Chirac,2508.0,MQ
Asia,MYS,Malaysia,Southeast Asia,329758.0,1957.0,22244000,70.8,69213.0,97884.0,Malaysia,"Constitutional Monarchy, Federation",Salahuddin Abdul Aziz Shah Alhaj,2464.0,MY
Africa,MYT,Mayotte,Eastern Africa,373.0,,149000,59.5,0.0,,Mayotte,Territorial Collectivity of France,Jacques Chirac,2514.0,YT
Oceania,NCL,New Caledonia,Melanesia,18575.0,,214000,72.8,3563.0,,Nouvelle-Caledonie,Nonmetropolitan Territory of France,Jacques Chirac,3493.0,NC
Oceania,NFK,Norfolk Island,Australia and New Zealand,36.0,,2000,,0.0,,Norfolk Island,Territory of Australia,Elisabeth II,2806.0,NF
Africa,NGA,Nigeria,Western Africa,923768.0,1960.0,111506000,51.6,65707.0,58623.0,Nigeria,Federal Republic,Olusegun Obasanjo,2754.0,NG
Oceania,NIu,Niue,Polynesia,260.0,,2000,,0.0,,Niue,Nonmetropolitan Territory of New Zealand,Elisabeth II,2805.0,Nu
Europe,NLD,Netherlands,Western Europe,41526.0,1581.0,15864000,78.3,371362.0,360478.0,Nederland,Constitutional Monarchy,Willem-Alexander,5.0,NL
Europe,NOR,Norway,Nordic Countries,323877.0,1905.0,4478500,78.7,145895.0,153370.0,Norge,Constitutional Monarchy,Harald V,2807.0,NO
Asia,NPL,Nepal,Southern and Central Asia,147181.0,1769.0,23930000,57.8,4768.0,4837.0,Nepal,Constitutional Monarchy,Gyanendra Bir Bikram,2729.0,NP
Oceania,NZL,New Zealand,Australia and New Zealand,270534.0,1907.0,3862000,77.8,54669.0,64960.0,New Zealand/Aotearoa,Constitutional Monarchy,Elisabeth II,3499.0,NZ
Asia,OMN,Oman,Middle East,309500.0,1951.0,2542000,71.8,16904.0,16153.0, uman,Monarchy (Sultanate),Qabus ibn Sa id,2821.0,OM
Oceania,PCN,Pitcairn,Polynesia,49.0,,50,,0.0,,Pitcairn,Dependent Territory of the uK,Elisabeth II,2912.0,PN
Oceania,PNG,Papua New Guinea,Melanesia,462840.0,1975.0,4807000,63.1,4988.0,6328.0,Papua New Guinea/Papua Niugini,Constitutional Monarchy,Elisabeth II,2884.0,PG
North America,PRI,Puerto Rico,Caribbean,8875.0,,3869000,75.6,34100.0,32100.0,Puerto Rico,Commonwealth of the uS,George W. Bush,2919.0,PR
Asia,PRK,North Korea,Eastern Asia,120538.0,1948.0,24039000,70.7,5332.0,,Choson Minjujuui In min Konghwaguk (Bukhan),Socialistic Republic,Kim Jong-il,2318.0,KP
Asia,PSE,Palestine,Middle East,6257.0,,3101000,71.4,4173.0,,Filastin,Autonomous Area,Yasser (Yasir) Arafat,4074.0,PS
Oceania,PYF,French Polynesia,Polynesia,4000.0,,235000,74.8,818.0,781.0,Polynesie francaise,Nonmetropolitan Territory of France,Jacques Chirac,3016.0,PF
Asia,QAT,Qatar,Middle East,11000.0,1971.0,599000,72.4,9472.0,8920.0,Qatar,Monarchy,Hamad ibn Khalifa al-Thani,2973.0,QA
Africa,REu,Reunion,Eastern Africa,2510.0,,699000,72.7,8287.0,7988.0,Reunion,Overseas Department of France,Jacques Chirac,3017.0,RE
Europe,RuS,Russian Federation,Eastern Europe,17075400.0,1991.0,146934000,67.2,276608.0,442989.0,Rossija,Federal Republic,Vladimir Putin,3580.0,Ru
Asia,SAu,Saudi Arabia,Middle East,2149690.0,1932.0,21607000,67.8,137635.0,146171.0,Al- Arabiya as-Sa udiya,Monarchy,Fahd ibn Abdul-Aziz al-Sa ud,3173.0,SA
Africa,SDN,Sudan,Northern Africa,2505813.0,1956.0,29490000,56.6,10162.0,,As-Sudan,Islamic Republic,Omar Hassan Ahmad al-Bashir,3225.0,SD
Antarctica,SGS,South Georgia and the South Sandwich Islands,Antarctica,3903.0,,0,,0.0,,South Georgia and the South Sandwich Islands,Dependent Territory of the uK,Elisabeth II,,GS
Africa,SHN,Saint Helena,Western Africa,314.0,,6000,76.8,0.0,,Saint Helena,Dependent Territory of the uK,Elisabeth II,3063.0,SH
Europe,SJM,Svalbard and Jan Mayen,Nordic Countries,62422.0,,3200,,0.0,,Svalbard og Jan Mayen,Dependent Territory of Norway,Harald V,938.0,SJ
Oceania,SLB,Solomon Islands,Melanesia,28896.0,1978.0,444000,71.3,182.0,220.0,Solomon Islands,Constitutional Monarchy,Elisabeth II,3161.0,SB
North America,SPM,Saint Pierre and Miquelon,North America,242.0,,7000,77.6,0.0,,Saint-Pierre-et-Miquelon,Territorial Collectivity of France,Jacques Chirac,3067.0,PM
Europe,SWE,Sweden,Nordic Countries,449964.0,836.0,8861400,79.6,226492.0,227757.0,Sverige,Constitutional Monarchy,Carl XVI Gustaf,3048.0,SE
Africa,SWZ,Swaziland,Southern Africa,17364.0,1968.0,1008000,40.4,1206.0,1312.0,kaNgwane,Monarchy,Mswati III,3244.0,SZ
North America,TCA,Turks and Caicos Islands,Caribbean,430.0,,17000,73.3,96.0,,The Turks and Caicos Islands,Dependent Territory of the uK,Elisabeth II,3423.0,TC
Asia,THA,Thailand,Southeast Asia,513115.0,1350.0,61399000,68.6,116416.0,153907.0,Prathet Thai,Constitutional Monarchy,Bhumibol Adulyadej,3320.0,TH
Oceania,TKL,Tokelau,Polynesia,12.0,,2000,,0.0,,Tokelau,Nonmetropolitan Territory of New Zealand,Elisabeth II,3333.0,TK
Asia,TMP,East Timor,Southeast Asia,14874.0,,885000,46.0,0.0,,Timor Timur,Administrated by the uN,Jose Alexandre Gusmao,1522.0,TP
Oceania,TON,Tonga,Polynesia,650.0,1970.0,99000,67.9,146.0,170.0,Tonga,Monarchy,Taufa'ahau Tupou IV,3334.0,TO
Oceania,TuV,Tuvalu,Polynesia,26.0,1978.0,12000,66.3,6.0,,Tuvalu,Constitutional Monarchy,Elisabeth II,3424.0,TV
Oceania,uMI,united States Minor Outlying Islands,Micronesia/Caribbean,16.0,,0,,0.0,,united States Minor Outlying Islands,Dependent Territory of the uS,George W. Bush,,uM
North America,uSA,united States,North America,9363520.0,1776.0,278357000,77.1,8510700.0,8110900.0,united States,Federal Republic,George W. Bush,3813.0,uS
Europe,VAT,Holy See (Vatican City State),Southern Europe,0.4,1929.0,1000,,9.0,,Santa Sede/Citta del Vaticano,Independent Church State,Johannes Paavali II,3538.0,VA
North America,VCT,Saint Vincent and the Grenadines,Caribbean,388.0,1979.0,114000,72.3,285.0,,Saint Vincent and the Grenadines,Constitutional Monarchy,Elisabeth II,3066.0,VC
South America,VEN,Venezuela,South America,912050.0,1811.0,24170000,73.1,95023.0,88434.0,Venezuela,Federal Republic,Hugo Chavez FrIas,3539.0,VE
North America,VGB,"Virgin Islands, British",Caribbean,151.0,,21000,75.4,612.0,573.0,British Virgin Islands,Dependent Territory of the uK,Elisabeth II,537.0,VG
North America,VIR,"Virgin Islands, u.S.",Caribbean,347.0,,93000,78.1,0.0,,Virgin Islands of the united States,uS Territory,George W. Bush,4067.0,VI
Asia,VNM,Vietnam,Southeast Asia,331689.0,1945.0,79832000,69.3,21929.0,22834.0,Viet Nam,Socialistic Republic,Tran Duc Luong,3770.0,VN
Oceania,WLF,Wallis and Futuna,Polynesia,200.0,,15000,,0.0,,Wallis-et-Futuna,Nonmetropolitan Territory of France,Jacques Chirac,3536.0,WF
Oceania,WSM,Samoa,Polynesia,2831.0,1962.0,180000,69.2,141.0,157.0,Samoa,Parlementary Monarchy,Malietoa Tanumafili II,3169.0,WS
Europe,YuG,Yugoslavia,Southern Europe,102173.0,1918.0,10640000,72.4,17000.0,,Jugoslavija,Federal Republic,Vojislav KoStunica,1792.0,Yu
